,G3,school,sex,address,Pstatus,Medu,Fedu,Mjob,reason,traveltime,higher,internet,romantic,famrel,health,absences,Alcohol,Support,Social,Study,Repeater,Guardian,Fjob
0,2,0,0,1,0,4,4,0,0,2,1,0,0,4,3,6,1.0,1,1.3333333333333333,0.6666666666666666,0,1,1
1,2,0,0,1,1,1,1,0,0,1,1,1,0,5,3,4,1.0,0,1.0,0.6666666666666666,0,1,0
2,2,0,0,1,1,1,1,0,2,1,1,1,0,4,3,10,2.5,1,0.6666666666666666,0.6666666666666666,0,1,0
3,1,0,0,1,1,4,2,1,1,1,1,1,1,3,5,2,1.0,0,1.0,1.5,0,1,0
4,2,0,0,1,1,3,3,2,1,1,1,0,0,4,5,4,1.5,0,0.6666666666666666,0.6666666666666666,0,1,0
5,1,0,1,1,1,4,3,3,3,1,1,1,0,5,5,10,1.5,0,0.5,0.5,0,1,0
6,2,0,1,1,1,2,2,2,1,1,1,1,0,4,3,0,1.0,0,1.0,0.5,0,1,0
7,2,0,0,1,0,4,4,2,1,2,1,0,0,4,1,6,1.0,1,4.0,2.0,0,1,1
8,0,0,1,1,0,3,2,3,1,1,1,1,0,4,1,0,1.0,0,1.0,1.0,0,1,0
9,1,0,1,1,1,3,4,2,1,1,1,1,0,5,5,0,1.0,0,0.2,0.4,0,1,0
10,2,0,0,1,1,4,4,4,3,1,1,1,0,3,2,0,1.5,0,1.0,0.6666666666666666,0,1,0
11,2,0,0,1,1,2,1,3,3,3,1,1,0,5,4,4,1.0,0,1.0,1.5,0,1,0
12,1,0,1,1,1,4,4,1,0,1,1,1,0,4,5,2,2.0,0,1.0,0.3333333333333333,0,1,0
13,2,0,1,1,1,4,3,4,0,2,1,1,0,5,3,2,1.5,0,0.75,0.5,0,1,0
14,1,0,1,1,0,2,2,2,1,1,1,1,1,4,3,0,1.0,0,0.4,0.6,0,0,0
15,1,0,0,1,1,4,4,1,1,1,1,1,0,4,2,4,1.5,0,1.0,0.25,0,1,0
16,1,0,0,1,1,4,4,3,3,1,1,1,0,3,2,6,1.5,0,1.5,1.5,0,1,0
17,2,0,0,1,1,3,3,2,3,3,1,0,0,5,4,4,1.0,1,0.6666666666666666,0.6666666666666666,0,1,0
18,2,0,1,1,1,3,2,3,0,1,1,1,0,5,5,16,3.0,0,1.0,0.2,1,1,0
19,2,0,1,1,1,4,3,1,1,1,1,1,0,3,5,4,2.0,0,3.0,1.0,0,1,0
20,1,0,1,1,1,4,3,4,3,1,1,1,0,4,1,0,1.0,0,0.25,0.5,0,1,0
21,1,0,1,1,1,4,4,1,2,1,1,1,0,5,5,0,1.0,0,0.5,0.25,0,1,0
22,1,0,1,1,1,4,2,4,0,1,1,1,0,4,5,2,2.0,0,0.2,0.4,0,1,0
23,2,0,1,1,1,2,2,2,3,2,1,1,0,5,5,0,3.0,0,1.0,0.5,0,1,0
24,2,0,0,0,1,2,4,3,0,1,1,1,0,4,5,2,1.0,1,0.6666666666666666,1.0,0,1,0
25,2,0,0,1,1,2,2,3,1,1,1,1,0,1,5,14,2.0,0,1.0,0.5,0,1,0
26,2,0,1,1,1,2,2,2,1,1,1,1,0,4,5,2,1.5,0,1.0,0.5,0,1,0
27,1,0,1,1,1,4,2,1,2,1,1,1,0,2,1,4,3.0,0,2.0,0.5,0,1,0
28,2,0,1,1,0,3,4,3,1,1,1,1,0,5,5,4,1.0,1,1.0,0.6666666666666666,0,1,0
29,2,0,1,1,1,4,4,4,1,1,1,1,1,4,5,16,5.0,0,1.25,0.5,0,1,1
30,2,0,1,1,1,4,4,1,1,1,1,1,0,5,5,0,3.5,0,0.5,0.5,0,1,0
31,1,0,1,1,1,4,4,3,3,2,1,1,0,4,5,0,1.0,0,0.3333333333333333,0.6666666666666666,0,1,0
32,1,0,1,0,1,4,3,4,0,1,1,1,1,4,5,0,1.0,0,0.4,0.4,0,1,0
33,2,0,1,1,1,3,3,2,0,1,1,1,0,5,2,0,1.0,0,0.6666666666666666,0.6666666666666666,0,1,0
34,1,0,1,1,1,3,2,2,1,1,1,1,0,5,5,0,1.0,0,0.75,0.25,0,1,0
35,2,0,0,1,1,2,3,2,2,2,1,0,0,3,5,0,1.0,0,0.2,0.2,0,1,0
36,0,0,1,1,1,4,3,4,1,1,1,1,0,5,4,2,1.0,0,0.75,0.75,0,1,0
37,1,0,1,0,0,4,4,2,3,2,1,1,1,2,5,7,1.0,0,0.75,0.75,0,1,1
38,2,0,0,0,1,3,4,3,0,1,1,1,0,4,5,2,1.0,1,0.6666666666666666,1.0,0,1,0
39,2,0,0,0,1,2,2,0,3,1,1,0,0,4,2,8,1.0,1,0.3333333333333333,0.3333333333333333,0,1,0
40,2,0,0,1,1,2,2,2,1,2,1,1,1,3,3,25,1.5,0,1.0,0.6666666666666666,0,1,0
41,2,0,1,1,1,4,4,4,1,1,1,1,1,5,5,8,3.0,0,0.75,0.25,0,0,0
42,0,0,1,1,1,4,4,3,0,1,1,1,0,4,5,2,1.0,0,1.0,0.6666666666666666,0,1,1
43,2,0,1,1,1,2,2,3,0,1,1,1,0,5,1,0,1.0,1,0.25,0.25,0,1,0
44,2,0,0,1,1,2,2,2,0,2,1,1,0,4,5,14,2.0,1,1.0,0.6666666666666666,0,1,0
45,2,0,0,1,0,4,3,2,0,1,1,1,1,5,5,8,1.0,1,1.0,1.0,0,1,0
46,2,0,0,1,0,3,3,2,1,1,1,1,0,2,3,12,2.5,0,1.6666666666666667,0.6666666666666666,0,1,0
47,0,0,1,1,1,4,3,1,3,1,1,1,0,4,2,4,1.0,0,1.0,2.0,0,1,0
48,1,0,1,1,1,4,2,4,1,1,1,0,0,4,5,2,2.0,0,1.0,0.6666666666666666,0,1,0
49,2,0,0,1,1,4,4,3,2,1,1,1,0,4,3,2,1.0,1,1.0,0.5,0,1,1
50,2,0,0,1,1,2,2,3,0,3,1,1,0,4,4,2,2.5,0,1.0,0.6666666666666666,0,1,0
51,2,0,0,1,1,4,2,1,2,1,1,1,0,4,5,2,1.0,0,1.0,0.6666666666666666,0,1,0
52,2,0,1,1,0,4,2,1,2,2,1,0,0,5,5,6,3.5,0,1.0,0.2,0,1,0
53,2,0,0,1,1,4,4,3,0,1,1,1,0,3,5,0,2.5,1,1.3333333333333333,0.3333333333333333,0,1,0
54,2,0,0,1,0,3,3,2,2,1,1,1,0,5,1,6,4.0,0,1.3333333333333333,0.3333333333333333,0,1,0
55,2,0,0,1,0,2,1,2,2,1,1,1,1,5,2,8,1.0,0,1.3333333333333333,0.6666666666666666,0,1,0
56,1,0,0,1,0,4,3,3,3,1,1,1,0,4,1,0,1.0,0,0.6666666666666666,0.6666666666666666,0,1,0
57,1,0,1,1,1,4,4,4,3,1,1,0,0,3,5,4,1.0,0,1.0,1.0,0,1,0
58,2,0,1,1,1,1,2,2,1,1,1,1,0,4,5,2,1.0,1,0.6666666666666666,0.6666666666666666,0,1,0
59,1,0,0,1,1,4,2,3,0,1,1,1,0,4,5,2,1.0,0,1.5,1.0,0,1,0
60,2,0,0,0,1,4,4,1,2,1,1,0,0,2,4,6,2.5,0,1.0,0.5,0,1,1
61,2,0,0,1,1,1,1,3,0,4,1,1,1,5,5,6,5.0,1,1.0,0.2,0,1,0
62,2,0,0,1,1,1,2,2,3,1,1,1,0,4,1,4,1.0,1,0.75,0.5,0,1,0
63,2,0,0,1,1,4,3,4,1,1,1,1,0,3,4,2,3.0,1,1.0,0.75,0,1,0
64,2,0,0,1,1,4,3,3,3,1,1,1,1,4,2,0,3.0,1,1.0,0.5,0,1,0
65,1,0,0,1,1,4,3,4,0,3,1,1,0,5,1,2,1.5,0,0.75,0.5,0,1,0
66,2,0,1,1,0,4,4,2,3,1,1,1,1,1,3,4,5.0,0,1.0,1.3333333333333333,0,1,0
67,2,0,0,1,1,3,1,3,0,1,1,1,0,4,5,4,1.5,1,1.0,1.3333333333333333,0,1,0
68,2,0,0,0,1,2,2,1,3,2,1,1,0,4,4,2,2.0,1,3.0,2.0,0,1,0
69,1,0,0,0,1,3,1,2,3,2,1,1,0,4,3,12,2.5,0,0.5,1.0,0,1,0
70,1,0,1,1,1,3,1,2,3,2,1,1,0,4,5,0,1.0,0,0.6666666666666666,1.3333333333333333,0,1,0
71,2,0,1,1,1,4,2,2,0,1,1,1,0,3,3,0,1.0,0,1.0,1.3333333333333333,0,1,0
72,2,0,0,0,1,1,1,2,3,1,1,1,1,3,5,2,3.0,1,1.3333333333333333,0.6666666666666666,0,1,0
73,1,0,1,1,1,3,1,2,3,1,1,0,0,5,5,2,2.0,0,0.6666666666666666,0.3333333333333333,0,1,0
74,2,0,0,1,1,3,3,2,1,1,1,1,0,4,5,54,3.0,1,1.0,0.6666666666666666,0,1,0
75,2,0,1,1,1,4,3,4,1,1,1,1,0,4,5,6,2.5,0,1.0,0.6666666666666666,0,1,0
76,2,0,1,1,1,4,0,4,0,2,1,1,0,3,1,8,1.0,0,0.75,1.0,0,1,0
77,2,0,0,1,1,2,2,2,3,1,1,1,1,5,3,0,2.0,0,1.5,2.0,0,1,0
78,2,0,1,1,1,2,1,2,1,2,0,1,0,4,3,2,1.0,1,0.2,0.2,1,1,0
79,2,0,0,1,1,3,4,0,0,1,1,1,0,2,3,12,1.5,0,0.75,0.5,0,1,0
80,2,0,1,1,1,2,3,2,0,1,1,1,1,3,3,2,2.0,1,1.0,0.5,0,1,0
81,2,0,1,1,1,2,3,2,1,1,1,1,0,5,5,4,1.5,1,0.6666666666666666,1.0,0,1,0
82,2,0,0,1,1,3,2,3,3,1,1,1,0,4,5,10,1.0,0,1.0,0.5,0,1,0
83,1,0,1,1,1,2,2,3,1,2,1,1,0,5,4,4,2.0,0,1.0,0.6666666666666666,0,1,0
84,2,0,0,1,1,1,1,2,1,1,1,1,0,4,4,2,2.5,0,0.6666666666666666,0.6666666666666666,0,1,0
85,2,0,0,1,1,4,4,3,3,2,1,1,1,4,5,6,2.5,0,1.0,0.5,0,1,0
86,2,0,0,1,1,2,2,0,0,1,1,0,0,4,2,4,1.5,0,1.3333333333333333,0.6666666666666666,0,1,0
87,1,0,0,1,1,4,2,2,3,1,1,1,0,5,1,4,2.0,0,1.0,1.0,0,1,0
88,2,0,1,1,1,2,2,3,3,2,1,1,0,4,3,12,1.0,0,0.5,0.5,0,1,0
89,2,0,1,1,0,4,4,4,3,1,1,0,0,4,5,18,4.0,0,3.0,2.0,0,1,0
90,2,0,0,1,1,3,3,2,1,1,1,1,1,4,4,0,2.0,0,1.0,1.0,0,1,0
91,0,0,0,1,1,4,3,3,3,1,1,1,0,4,1,4,2.0,0,1.0,0.2,0,1,0
92,2,0,0,1,1,3,1,2,1,1,1,0,0,3,2,4,2.5,1,1.0,0.6666666666666666,0,1,0
93,2,0,0,1,1,4,2,4,1,2,1,1,0,5,1,0,1.0,0,1.0,0.6666666666666666,0,1,0
94,1,0,1,1,1,2,2,3,3,1,1,1,0,4,4,6,1.0,0,1.3333333333333333,1.3333333333333333,0,1,0
95,2,0,0,0,1,1,1,0,1,2,1,1,0,3,1,2,1.0,1,2.0,4.0,0,1,0
96,1,0,1,0,1,4,3,3,3,2,1,1,0,3,4,2,1.0,1,1.0,0.3333333333333333,0,1,0
97,2,0,0,1,1,2,1,2,0,1,1,0,1,4,5,2,1.0,0,1.6666666666666667,0.6666666666666666,0,1,0
98,1,0,0,1,1,4,4,2,3,1,1,1,0,5,1,6,1.5,0,1.3333333333333333,0.3333333333333333,0,1,0
99,2,0,0,1,1,4,3,2,0,1,1,1,0,5,3,0,1.0,1,1.6666666666666667,1.0,0,1,0
100,2,0,1,1,1,4,4,3,2,1,1,1,0,4,4,14,5.0,1,1.0,0.2,0,1,0
101,1,0,1,1,1,4,4,3,2,1,1,1,1,4,4,0,1.0,0,0.75,0.75,0,1,1
102,1,0,1,1,1,4,4,3,0,1,1,1,0,5,5,4,1.0,0,1.0,0.3333333333333333,0,1,0
103,2,0,0,1,1,3,2,3,1,2,1,1,0,4,2,26,1.0,1,1.6666666666666667,0.6666666666666666,0,1,0
104,0,0,1,1,0,3,4,3,0,1,1,1,0,5,1,0,1.0,0,1.0,0.5,0,1,0
105,2,0,0,1,0,3,3,2,3,1,1,0,0,4,4,10,1.0,1,1.0,1.3333333333333333,0,1,0
106,2,0,0,1,1,2,2,2,0,1,1,1,0,5,3,8,1.0,1,2.0,4.0,0,1,0
107,0,0,1,1,1,3,3,3,1,1,1,1,0,5,5,2,1.0,0,1.0,1.0,0,1,0
108,2,0,1,0,1,4,4,2,1,4,1,1,1,1,1,6,4.0,0,1.6666666666666667,1.3333333333333333,0,1,0
109,1,0,0,1,1,4,4,1,2,1,1,1,1,5,4,4,1.0,0,1.25,0.75,0,1,0
110,0,0,1,1,0,4,4,4,0,1,1,1,0,5,4,6,1.0,0,0.6,0.2,0,1,1
111,2,0,0,0,1,3,3,3,3,1,1,1,0,4,2,0,1.0,1,2.0,3.0,0,1,0
112,2,0,0,1,1,2,2,0,1,1,1,1,0,3,5,6,1.0,1,2.0,2.0,0,1,0
113,0,0,1,1,1,4,2,4,0,1,1,1,0,3,3,10,1.0,0,0.4,0.2,0,1,0
114,2,0,1,0,1,2,1,1,3,1,1,1,1,5,5,8,1.0,0,0.5,0.5,0,1,0
115,1,0,1,1,1,4,4,4,0,1,1,1,0,5,5,2,1.5,0,1.0,0.5,0,1,1
116,1,0,1,1,1,4,4,2,3,2,1,0,0,4,2,2,1.0,0,0.75,0.5,0,1,1
117,2,0,1,1,1,3,3,2,1,2,1,1,0,5,5,0,1.0,0,0.5,0.25,0,1,0
118,2,0,1,0,1,1,3,2,0,3,1,1,0,5,5,20,2.5,0,2.0,1.0,1,1,0
119,2,0,1,1,1,3,4,2,3,1,1,1,0,3,4,6,1.5,0,0.75,0.25,0,1,0
120,1,0,0,1,1,1,2,0,0,1,1,1,0,3,1,2,1.5,0,1.5,1.0,0,1,0
121,1,0,1,1,1,2,2,3,1,1,1,1,0,5,5,6,1.5,0,0.8,0.8,0,1,0
122,2,0,0,1,1,2,4,2,0,2,1,1,1,4,5,2,1.5,0,1.0,1.0,0,1,0
123,2,0,1,1,1,4,4,1,0,1,1,1,0,3,5,18,2.5,0,1.0,0.25,0,1,0
124,2,0,0,1,1,2,2,2,1,1,1,1,1,5,5,0,1.0,0,1.0,0.5,0,1,0
125,2,0,1,1,1,3,4,3,1,1,1,1,0,5,5,0,2.5,1,1.0,0.2,0,1,0
126,2,0,0,1,0,3,4,2,1,1,1,1,1,5,1,0,1.0,1,0.6666666666666666,0.6666666666666666,0,1,0
127,2,0,0,1,1,0,1,0,0,1,0,0,0,3,5,2,1.0,0,0.5,0.5,1,0,0
128,2,0,1,0,1,2,2,3,3,1,1,1,0,3,4,0,1.5,0,1.0,0.3333333333333333,1,1,0
129,0,0,1,0,1,4,4,4,0,1,1,1,0,3,4,8,3.5,0,1.0,0.2,0,1,1
130,2,0,0,0,1,3,4,3,0,2,1,1,1,4,5,0,2.0,0,1.0,1.5,0,1,1
131,2,0,0,1,1,1,1,0,0,3,1,1,1,4,4,0,1.5,0,1.0,0.3333333333333333,0,1,0
132,2,0,0,1,1,2,2,2,0,1,1,1,1,3,5,12,2.0,0,1.0,0.25,0,1,0
133,2,0,0,1,0,3,4,3,0,1,1,1,0,3,5,16,2.5,0,0.5,0.5,0,1,0
134,2,0,1,0,1,3,4,0,0,4,1,0,1,5,5,0,1.0,0,1.0,0.6666666666666666,0,1,1
135,2,0,0,1,1,4,4,3,0,1,1,1,1,4,5,0,1.0,0,1.0,1.0,0,1,0
136,2,0,1,0,1,3,4,0,0,3,1,0,0,5,5,0,3.0,0,1.25,0.5,0,1,0
137,2,0,0,1,0,3,3,2,0,2,1,1,1,4,5,0,1.0,0,0.6666666666666666,0.3333333333333333,0,0,0
138,2,0,1,1,1,1,1,3,0,1,1,0,1,4,5,0,2.0,0,1.0,0.5,0,1,0
139,1,0,0,1,1,4,4,4,0,2,1,1,0,4,5,0,1.0,0,0.6666666666666666,0.3333333333333333,0,1,1
140,2,0,1,1,1,4,3,4,0,2,1,1,0,2,3,0,1.0,1,1.0,2.0,0,1,0
141,2,0,1,1,1,2,2,3,3,2,1,1,0,2,2,8,2.0,0,1.0,0.3333333333333333,0,1,0
142,2,0,0,1,1,4,4,4,0,1,1,1,0,4,5,2,1.0,0,1.0,1.5,0,1,0
143,2,0,0,1,1,1,1,0,0,1,1,1,0,3,1,2,3.0,0,1.0,0.25,0,1,0
144,2,0,1,1,1,2,1,2,1,1,1,1,0,5,5,0,1.5,0,1.25,0.25,1,1,0
145,2,0,0,1,1,1,1,2,0,1,1,1,0,4,5,0,1.5,0,0.5,0.5,0,1,0
146,2,0,0,1,1,3,2,1,1,1,1,1,0,3,3,0,1.0,0,0.6666666666666666,0.6666666666666666,0,1,0
147,2,0,0,1,1,1,2,0,0,1,1,1,0,4,5,2,1.0,0,0.6666666666666666,0.6666666666666666,0,1,0
148,2,0,1,1,1,4,4,4,0,1,0,1,1,3,5,0,1.5,0,0.6666666666666666,0.3333333333333333,0,1,1
149,2,0,1,1,0,2,1,3,0,4,1,1,0,4,5,0,3.5,0,1.0,0.2,0,1,0
150,2,0,1,1,1,1,1,2,0,1,0,1,1,2,4,0,3.5,0,1.6666666666666667,0.3333333333333333,1,1,0
151,1,0,1,1,1,2,1,0,0,1,1,0,1,4,5,6,4.0,0,1.0,0.25,0,1,0
152,2,0,0,0,1,3,3,3,3,2,1,1,1,4,3,8,2.5,0,0.5,1.5,0,0,0
153,2,0,1,1,1,3,2,3,1,1,0,1,1,4,4,0,1.0,0,0.8,0.2,1,1,0
154,2,0,0,1,1,4,4,2,0,1,1,0,1,4,4,0,1.0,1,0.5,0.5,0,1,1
155,2,0,1,0,1,2,3,0,0,1,1,0,0,4,1,2,1.0,1,1.0,0.5,0,1,0
156,2,0,1,0,1,1,2,2,3,1,1,0,0,2,5,8,3.0,0,1.0,0.5,0,1,0
157,2,0,0,0,1,1,1,0,0,3,1,0,0,5,4,6,3.0,0,2.5,0.5,1,1,0
158,1,0,1,0,1,2,2,0,0,3,1,0,0,4,3,2,1.5,0,1.0,0.5,0,1,0
159,2,0,1,1,1,3,3,2,0,1,1,1,1,4,5,4,4.0,0,1.0,0.4,0,1,0
160,2,0,1,0,1,2,1,0,0,2,0,1,1,3,5,0,2.0,0,0.6666666666666666,0.3333333333333333,1,1,0
161,2,0,1,0,1,3,2,2,0,2,1,1,1,4,3,6,2.5,1,1.0,0.5,0,1,0
162,2,0,1,1,1,1,2,2,0,2,1,0,0,4,5,0,3.0,0,1.0,0.25,0,1,0
163,2,0,1,1,1,1,3,0,0,1,0,1,0,5,2,2,2.5,0,1.0,0.3333333333333333,0,1,0
164,2,0,1,0,1,1,1,2,0,4,0,0,1,5,5,0,3.0,0,1.6666666666666667,0.6666666666666666,1,1,0
165,2,0,1,1,1,3,2,3,0,2,0,0,0,4,2,16,1.0,0,0.4,0.2,0,1,0
166,2,0,1,1,1,2,2,2,0,1,0,1,0,4,4,4,3.0,0,1.6666666666666667,0.6666666666666666,0,1,0
167,1,0,0,1,1,4,2,1,1,1,1,1,1,4,3,0,1.0,0,1.5,1.0,0,1,0
168,2,0,0,1,1,2,2,2,1,1,1,1,0,5,4,0,1.0,0,5.0,2.0,0,1,0
169,1,0,0,1,1,4,4,1,3,1,1,1,1,4,3,0,1.0,0,0.5,0.5,0,1,0
170,2,0,1,1,1,3,4,2,0,3,1,1,0,3,2,0,3.0,0,1.25,0.25,0,1,0
171,1,0,1,1,1,1,0,2,3,2,1,1,1,4,3,2,1.0,0,0.6666666666666666,0.6666666666666666,0,1,0
172,2,0,1,1,1,4,4,4,3,1,1,1,0,4,5,0,2.0,0,1.0,0.5,0,1,0
173,2,0,0,1,1,1,3,0,1,1,1,1,1,4,3,0,1.0,0,1.6666666666666667,0.6666666666666666,0,1,0
174,2,0,0,1,1,3,3,2,3,2,1,1,0,4,4,4,1.0,0,1.25,0.5,0,1,0
175,2,0,1,1,1,4,3,4,0,2,1,1,0,4,4,4,4.0,0,1.0,0.5,0,1,0
176,2,0,0,1,1,2,2,3,3,2,1,1,0,3,5,2,2.5,0,1.0,0.5,0,1,0
177,2,0,1,1,1,3,3,2,3,1,1,1,0,4,4,4,2.5,0,1.3333333333333333,0.6666666666666666,0,1,0
178,2,0,1,0,1,4,2,4,2,1,1,1,1,4,3,10,3.5,0,1.0,0.3333333333333333,0,1,0
179,2,0,1,1,1,4,3,2,0,1,1,1,1,5,2,4,1.0,0,1.5,1.0,0,1,0
180,2,0,1,1,1,4,3,4,1,1,1,1,0,3,3,10,2.5,0,0.75,0.5,0,1,0
181,2,0,1,1,1,3,3,3,1,1,1,1,1,4,3,2,1.5,0,1.5,1.0,0,1,0
182,1,0,0,1,1,2,4,3,3,1,1,0,0,5,5,0,2.5,0,0.5,0.5,0,1,0
183,2,0,0,1,1,3,3,2,3,1,1,1,1,5,1,56,2.5,0,1.0,0.6666666666666666,0,1,0
184,2,0,0,1,1,3,2,2,3,1,1,1,0,1,1,14,1.5,0,1.0,1.0,0,1,0
185,2,0,1,1,1,3,3,3,2,1,1,1,1,4,4,12,2.5,0,1.3333333333333333,0.6666666666666666,0,1,0
186,2,0,1,1,1,1,2,3,2,1,1,1,1,3,3,2,1.5,0,1.0,0.3333333333333333,0,1,0
187,1,0,1,1,1,2,1,2,0,1,1,1,1,4,5,0,1.5,0,1.5,1.0,0,1,0
188,2,0,0,1,0,3,3,1,3,1,1,1,1,3,3,6,2.0,0,1.0,0.6666666666666666,0,1,0
189,2,0,1,0,1,1,2,0,1,1,1,0,0,3,3,4,3.0,0,3.0,2.0,0,1,0
190,2,0,0,1,1,2,3,3,0,1,1,1,0,4,2,10,1.0,0,1.0,0.6666666666666666,0,1,0
191,2,0,0,1,1,1,1,0,0,1,1,1,0,5,3,0,1.0,0,1.0,0.6666666666666666,0,1,0
192,2,0,1,1,1,1,2,0,2,2,1,1,0,4,5,12,4.5,0,1.0,0.5,0,0,0
193,2,0,1,0,1,3,3,3,3,1,1,1,0,4,5,8,3.5,0,0.6666666666666666,0.3333333333333333,0,1,0
194,1,0,1,1,1,2,3,2,1,2,1,1,0,5,3,0,1.0,0,1.0,0.3333333333333333,0,1,0
195,1,0,0,1,1,2,4,3,0,1,1,1,1,4,5,0,1.0,0,0.6666666666666666,0.6666666666666666,0,1,0
196,1,0,1,1,1,4,4,3,1,1,1,1,0,5,5,4,1.5,0,1.5,0.5,0,1,1
197,2,0,1,0,1,3,3,4,1,3,1,1,0,3,3,8,4.0,0,1.3333333333333333,0.3333333333333333,0,1,0
198,0,0,0,1,1,4,4,3,1,2,1,1,0,4,2,24,2.5,0,2.0,0.5,1,1,1
199,2,0,0,1,1,4,4,4,3,1,1,1,0,4,3,0,1.5,0,0.4,0.4,0,1,1
200,1,0,0,1,1,4,3,1,1,1,1,1,0,4,2,2,3.0,0,1.6666666666666667,0.6666666666666666,0,1,0
201,2,0,0,1,1,2,3,2,3,1,1,0,0,4,4,6,2.0,1,0.75,0.5,0,1,0
202,2,0,0,1,1,1,1,2,0,1,1,0,0,4,1,4,2.0,0,1.0,0.5,0,1,0
203,2,0,0,0,1,2,2,2,3,1,1,1,0,5,3,18,1.5,0,0.6666666666666666,0.3333333333333333,0,1,0
204,2,0,0,0,1,2,2,3,3,2,1,1,0,5,5,6,1.0,0,1.6666666666666667,1.3333333333333333,0,1,0
205,2,0,0,1,1,3,4,0,1,1,1,1,1,4,5,28,3.5,0,0.75,0.75,1,1,0
206,2,0,0,1,0,3,1,3,0,1,1,1,0,2,4,5,2.0,0,1.0,0.6666666666666666,0,1,0
207,2,0,0,1,1,4,3,4,2,1,1,1,1,1,1,10,1.0,0,0.6666666666666666,0.6666666666666666,0,1,0
208,2,0,0,1,1,1,1,0,1,2,1,0,0,4,5,6,2.5,0,0.6666666666666666,0.3333333333333333,0,1,0
209,2,0,0,0,1,4,3,4,3,2,1,1,1,4,4,6,1.0,0,0.5,0.75,0,1,0
210,2,0,0,1,1,3,3,2,3,1,1,1,0,4,3,10,1.5,0,1.0,1.3333333333333333,0,0,0
211,2,0,1,1,1,4,4,3,1,1,1,1,1,5,3,13,4.5,0,1.6666666666666667,0.6666666666666666,0,1,0
212,1,0,0,1,0,2,2,2,3,1,1,1,0,3,4,0,1.0,1,1.3333333333333333,0.6666666666666666,0,1,0
213,2,0,1,1,1,2,2,3,1,1,1,1,0,4,5,15,3.0,0,1.0,0.5,1,1,0
214,2,0,0,0,1,4,4,3,2,1,1,0,0,5,3,12,1.5,0,0.5,0.5,0,1,0
215,1,0,0,1,1,3,2,2,3,2,1,1,0,4,1,2,2.0,0,1.0,0.5,0,1,0
216,2,0,0,1,1,4,3,2,3,1,1,1,1,3,1,22,3.0,0,1.25,0.5,1,1,0
217,2,0,1,1,1,3,3,3,1,1,1,1,0,3,4,13,3.0,0,2.0,1.0,1,1,0
218,2,0,0,1,1,2,3,0,1,2,1,0,0,3,3,3,2.5,0,1.0,0.3333333333333333,0,1,0
219,2,0,0,1,1,2,2,0,0,1,1,1,0,4,4,4,1.0,0,1.0,1.0,0,1,0
220,2,0,0,0,1,2,1,0,3,2,1,1,0,4,5,2,1.5,0,2.5,1.0,0,1,0
221,2,0,0,1,1,1,1,0,3,1,1,0,1,4,5,0,1.0,0,1.3333333333333333,1.0,1,1,0
222,1,0,0,1,1,2,3,3,2,1,1,1,0,2,3,2,1.0,1,0.3333333333333333,0.6666666666666666,0,1,1
223,2,0,1,1,1,2,2,2,1,2,1,1,0,3,4,0,5.0,0,1.0,0.6666666666666666,0,1,0
224,1,0,0,1,1,4,4,4,1,1,1,1,0,5,5,0,1.0,0,0.6666666666666666,1.0,0,1,0
225,2,0,0,0,1,3,1,2,3,1,1,1,1,5,4,16,1.0,0,1.0,0.6666666666666666,1,1,0
226,1,0,0,1,1,3,2,2,0,1,1,1,0,5,3,10,2.0,0,1.3333333333333333,0.6666666666666666,0,1,0
227,2,0,1,1,1,2,3,3,3,1,1,1,0,5,3,2,2.0,0,1.0,0.6666666666666666,0,1,0
228,2,0,1,1,1,2,1,0,0,4,1,1,1,4,3,14,4.5,1,0.6666666666666666,0.6666666666666666,0,1,0
229,2,0,0,1,0,2,1,2,0,2,1,1,1,3,3,10,1.5,0,1.5,1.5,0,1,0
230,1,0,0,1,1,4,3,1,3,1,1,1,1,3,3,14,1.5,0,1.5,1.0,0,1,0
231,2,0,1,0,1,2,2,2,0,2,1,1,0,4,1,4,1.0,0,0.4,0.4,0,1,0
232,2,0,1,1,1,4,4,4,3,1,1,1,1,4,2,14,2.0,1,1.0,0.4,0,1,1
233,2,0,1,1,1,4,4,1,3,1,1,1,0,4,1,2,3.0,0,2.0,1.0,0,1,0
234,2,0,1,1,1,1,1,2,1,2,1,1,0,3,5,18,1.0,0,0.5,0.5,0,1,0
235,2,0,1,1,1,3,2,0,3,2,1,1,1,5,2,10,2.0,0,1.0,1.0,0,1,0
236,2,0,1,1,1,2,2,2,1,1,1,1,1,4,4,4,5.0,0,0.5,0.5,0,1,0
237,2,0,0,1,1,2,1,2,1,1,1,1,1,4,5,20,1.0,0,0.4,0.2,0,1,0
238,2,0,0,0,1,2,1,0,0,3,1,0,0,2,3,2,1.0,0,1.0,2.0,0,1,0
239,2,0,1,1,1,2,2,2,3,1,0,1,0,5,2,0,4.0,0,0.8,0.4,1,1,0
240,2,0,1,1,1,4,3,1,0,2,1,1,1,2,5,14,2.5,0,1.0,0.4,0,1,0
241,2,0,1,0,0,4,4,4,0,2,1,1,0,3,4,2,2.5,0,1.0,0.6666666666666666,0,1,0
242,2,0,1,1,1,4,3,4,0,1,1,1,0,5,3,0,1.0,0,1.25,0.25,0,1,0
243,2,0,1,1,1,4,4,3,0,1,1,1,0,5,5,0,1.5,0,0.6666666666666666,0.3333333333333333,0,1,0
244,2,0,0,1,1,2,1,2,0,2,1,1,1,4,3,0,1.0,0,1.0,0.75,0,0,0
245,0,0,1,1,1,2,1,2,0,3,1,1,0,4,4,6,1.0,0,1.0,0.3333333333333333,0,1,0
246,2,0,1,1,1,2,3,2,0,2,1,1,0,5,2,4,1.0,0,1.0,0.5,0,1,0
247,2,0,1,1,1,3,1,3,2,1,0,1,1,5,1,16,5.0,0,1.25,0.25,1,1,0
248,2,0,1,0,1,3,3,2,0,1,1,1,1,4,5,8,2.0,0,1.0,0.6666666666666666,1,1,0
249,1,0,1,1,1,0,2,2,2,1,1,1,0,4,5,0,3.0,0,0.6666666666666666,0.3333333333333333,0,1,0
250,2,0,1,1,1,3,2,3,0,2,0,1,0,4,5,0,3.0,0,1.25,0.25,1,1,0
251,2,0,1,1,1,3,3,0,3,3,1,1,0,5,2,6,2.0,1,1.0,0.6666666666666666,0,0,0
252,2,0,1,1,1,2,1,3,2,1,0,1,0,3,5,4,3.5,0,2.5,0.5,1,1,0
253,2,0,1,0,1,2,1,2,0,2,1,0,0,3,3,0,2.0,0,0.6666666666666666,0.3333333333333333,0,1,0
254,2,0,1,0,1,2,1,2,0,1,1,1,0,4,5,0,3.0,0,0.5,0.25,0,1,0
255,2,0,1,1,1,1,1,1,0,2,1,1,0,4,5,2,1.5,0,1.0,0.25,1,1,0
256,2,0,0,1,1,4,2,4,3,1,1,1,0,4,4,6,1.0,0,1.5,2.0,0,1,0
257,2,0,1,1,0,4,3,3,3,1,1,1,0,4,1,12,1.0,0,0.3333333333333333,0.6666666666666666,0,1,0
258,1,0,1,1,1,2,1,2,1,1,1,1,0,5,4,8,1.5,0,2.0,1.0,0,1,0
259,2,0,0,1,1,2,2,3,0,1,1,1,1,3,2,0,1.0,0,0.25,1.0,0,1,0
260,0,0,0,1,1,4,3,3,1,1,1,1,1,3,2,21,2.0,0,2.0,2.0,0,1,0
261,2,0,1,1,1,4,3,4,0,1,1,1,0,4,3,2,1.0,0,0.6666666666666666,0.6666666666666666,0,1,0
262,2,0,1,0,1,3,2,2,0,1,1,0,0,5,3,1,1.0,0,0.6666666666666666,1.0,0,1,0
263,2,0,0,1,1,3,3,2,1,1,1,0,0,3,4,4,1.0,0,1.5,1.5,0,1,0
264,2,0,0,1,1,2,2,0,1,1,1,1,1,4,3,0,1.0,0,1.0,1.0,0,1,0
265,1,0,1,0,0,3,4,2,3,2,1,1,0,4,1,13,3.5,0,2.5,1.0,0,1,0
266,2,0,1,1,1,3,1,3,2,1,1,1,1,5,5,2,3.5,0,1.0,0.5,0,1,0
267,2,0,0,0,1,4,4,4,3,2,1,1,0,4,4,8,2.0,0,1.3333333333333333,0.6666666666666666,0,1,0
268,2,0,1,1,1,4,2,1,3,1,1,1,1,5,5,10,2.0,0,1.25,0.5,0,1,0
269,2,0,0,0,1,2,1,2,3,2,0,1,1,4,3,0,1.5,0,1.6666666666666667,0.6666666666666666,0,1,0
270,2,0,0,1,1,3,3,2,1,1,1,1,0,4,5,15,3.0,0,1.6666666666666667,0.6666666666666666,1,0,0
271,1,0,0,1,1,2,3,2,3,1,1,1,1,4,2,4,2.0,0,1.0,0.8,0,1,0
272,2,0,0,1,1,1,1,2,1,2,1,0,0,4,3,2,1.0,0,0.75,0.5,0,1,0
273,1,0,1,0,1,1,2,0,1,1,1,0,1,3,1,2,2.0,0,0.4,0.4,0,1,0
274,2,0,0,1,1,2,4,0,3,2,1,1,1,4,1,2,1.0,0,1.0,0.6666666666666666,0,1,0
275,2,0,0,1,1,2,2,3,0,2,1,1,1,4,5,6,2.5,1,1.0,0.5,0,1,0
276,2,0,0,0,0,3,2,2,1,2,0,1,1,4,5,75,1.0,0,1.0,2.0,0,1,0
277,2,0,1,1,1,4,4,4,1,2,1,1,0,3,3,22,2.5,0,2.0,0.5,0,1,0
278,2,0,0,1,1,4,4,1,3,1,1,1,1,2,4,15,1.0,1,1.0,0.5,1,1,0
279,2,0,1,1,1,4,3,4,0,2,1,1,0,4,1,8,1.5,0,1.5,0.5,0,1,0
280,2,0,1,1,0,4,1,3,1,2,1,1,1,4,5,30,3.0,0,0.8,0.2,0,1,0
281,2,0,1,1,0,3,2,4,1,1,1,1,0,4,3,19,3.5,0,1.0,0.25,1,1,0
282,2,0,0,0,1,1,1,0,3,2,1,0,0,5,3,1,1.0,0,1.0,2.0,0,1,0
283,2,0,0,1,1,1,1,2,1,2,1,1,0,5,4,4,1.0,1,1.0,0.5,0,1,0
284,2,0,0,1,1,2,2,2,0,1,1,1,0,5,5,4,1.5,0,1.25,0.5,0,1,0
285,2,0,1,1,1,1,1,2,3,1,1,1,0,4,4,2,1.5,0,1.0,0.6666666666666666,0,1,0
286,0,0,0,1,1,2,2,0,2,1,1,1,0,4,2,5,1.5,0,1.0,1.0,0,1,0
287,2,0,0,1,1,1,1,3,3,1,1,1,0,4,3,6,1.0,0,1.0,1.0,0,1,1
288,1,0,1,1,1,2,1,3,3,1,1,1,0,4,2,6,2.0,0,2.0,1.5,0,1,0
289,1,0,1,1,0,4,4,4,3,1,1,1,0,5,2,9,1.0,0,0.75,0.5,0,1,1
290,2,0,1,1,1,4,2,4,1,1,1,1,1,4,5,11,2.5,0,0.6666666666666666,0.6666666666666666,0,1,0
291,1,0,0,1,1,4,3,1,3,1,1,1,0,4,3,0,1.5,0,1.0,1.5,0,1,0
292,2,0,0,1,1,2,1,3,3,1,1,1,1,5,5,12,1.0,0,0.75,0.5,1,1,0
293,0,0,0,0,1,3,1,3,3,2,1,0,0,3,3,6,1.0,0,2.0,4.0,0,1,0
294,1,0,1,0,1,3,2,3,3,2,1,1,0,5,4,8,1.0,0,0.5,0.75,0,1,0
295,2,0,1,1,1,3,3,1,1,1,1,1,0,4,5,4,2.0,0,0.75,0.25,0,1,0
296,2,0,0,1,1,4,4,1,3,2,1,1,0,2,2,0,2.5,0,1.3333333333333333,0.6666666666666666,0,0,0
297,2,0,0,1,1,4,3,2,1,2,1,1,1,4,2,10,1.5,0,1.25,0.5,0,0,0
298,1,0,0,1,1,4,3,2,3,1,1,1,0,4,3,0,1.0,0,1.0,1.3333333333333333,0,1,0
299,1,0,1,1,1,4,4,4,1,1,1,1,1,1,1,5,2.0,0,0.5,0.25,0,1,1
300,2,0,0,1,0,4,4,1,1,1,1,1,1,4,4,14,1.0,0,2.0,1.0,0,1,0
301,2,0,1,1,1,4,4,2,1,2,1,1,0,4,5,0,2.0,0,1.0,1.0,0,1,1
302,1,0,0,1,1,4,2,2,3,2,1,1,0,4,3,0,1.0,0,1.0,1.0,0,1,0
303,0,0,0,1,1,3,2,1,3,1,1,1,0,5,5,0,1.5,0,1.0,2.0,0,1,0
304,2,0,1,1,1,3,3,2,1,1,1,1,1,4,3,20,1.0,0,1.0,0.5,1,0,0
305,2,0,0,1,1,2,4,3,3,1,1,1,0,4,3,8,1.0,0,0.75,0.5,1,0,0
306,0,0,1,1,0,3,2,3,0,1,1,0,0,5,5,0,1.0,0,0.6,0.2,0,0,0
307,2,0,1,1,1,4,4,4,3,2,1,1,1,4,4,38,1.0,0,1.3333333333333333,0.3333333333333333,1,0,0
308,2,0,1,0,1,3,3,2,3,1,1,0,1,4,5,0,1.5,0,0.6,0.4,1,1,0
309,2,0,0,1,1,1,1,0,3,1,1,1,0,4,3,18,2.0,1,0.75,0.5,1,0,0
310,2,0,0,1,1,1,2,3,1,1,1,0,1,4,3,0,2.0,0,2.0,1.0,1,0,0
311,2,0,0,1,1,2,1,0,2,3,0,1,1,3,2,20,1.0,0,0.25,0.5,0,0,0
312,2,0,1,1,1,1,2,2,0,1,1,1,0,4,4,3,2.0,0,0.4,0.4,1,0,0
313,2,0,0,1,1,3,2,3,3,2,1,1,1,4,1,22,1.5,0,1.0,1.0,1,0,0
314,2,0,0,1,1,1,1,0,1,1,1,1,1,4,3,14,1.0,0,2.0,3.0,1,0,0
315,2,0,0,0,1,2,3,2,3,1,1,1,1,4,3,40,1.0,0,2.0,3.0,1,0,0
316,2,0,0,1,1,2,1,3,0,2,1,1,0,5,1,0,1.5,0,1.0,0.6666666666666666,0,1,0
317,2,0,0,1,1,4,3,2,0,1,1,1,1,4,5,9,1.0,0,1.3333333333333333,1.0,0,1,0
318,2,0,0,0,1,3,4,0,0,1,1,1,0,4,5,0,3.5,0,1.3333333333333333,1.0,0,1,0
319,2,0,0,1,1,4,4,4,0,1,1,1,0,4,5,2,3.0,0,1.0,0.5,0,1,0
320,2,0,0,1,0,4,3,3,0,1,1,1,1,5,5,23,1.5,0,1.0,1.0,0,1,0
321,2,0,0,1,1,2,2,2,0,1,1,0,1,4,3,12,1.0,0,1.0,1.0,0,1,0
322,2,0,0,0,1,2,2,3,0,1,1,1,0,3,3,3,2.0,0,0.6666666666666666,1.0,0,1,0
323,1,0,0,1,1,3,1,3,0,1,1,1,0,3,5,1,2.5,0,0.75,0.75,0,1,0
324,1,0,0,1,1,0,2,0,1,2,1,1,0,3,2,0,2.5,0,1.0,1.0,0,1,0
325,2,0,1,1,1,4,4,2,0,1,1,1,0,4,3,3,2.0,0,1.0,1.0,0,1,0
326,1,0,1,1,1,3,3,2,3,1,1,1,0,4,5,3,4.0,0,1.6666666666666667,0.3333333333333333,0,1,0
327,2,0,1,0,1,2,2,3,0,4,1,1,0,4,4,8,5.0,0,1.25,0.25,0,1,0
328,2,0,0,1,1,4,4,4,0,1,1,1,0,5,4,7,2.0,0,1.0,0.75,0,1,0
329,1,0,0,1,1,4,4,4,0,2,1,1,1,4,4,4,1.5,0,1.0,1.0,0,1,1
330,2,0,1,1,1,2,2,2,0,1,1,1,0,4,5,2,3.0,0,1.0,0.8,0,1,0
331,1,0,0,0,1,2,4,0,0,1,1,1,1,4,5,7,1.0,0,0.75,0.75,0,1,0
332,2,0,0,1,1,3,3,3,1,1,1,1,0,5,4,0,1.0,0,1.3333333333333333,0.6666666666666666,0,1,0
333,2,0,0,1,1,2,2,2,1,1,1,1,1,4,2,0,1.0,0,1.0,0.6666666666666666,0,0,0
334,2,0,0,0,1,2,2,0,0,2,1,0,0,4,4,0,1.0,0,1.0,1.0,0,1,0
335,1,0,0,1,1,3,4,3,0,1,1,1,0,4,5,16,2.0,0,1.25,0.75,0,1,0
336,2,0,0,0,0,3,1,3,1,1,1,0,0,5,5,12,1.5,0,0.75,0.75,1,0,0
337,2,0,0,1,1,3,2,2,1,1,1,1,1,4,2,0,2.5,0,0.6666666666666666,0.6666666666666666,0,1,0
338,1,0,0,1,1,3,3,3,1,1,1,1,0,5,1,7,1.0,0,1.0,1.3333333333333333,0,1,0
339,2,0,0,0,0,3,2,2,1,1,1,1,0,4,2,4,2.5,0,1.0,0.6666666666666666,0,1,0
340,2,0,0,1,1,2,1,3,1,1,1,1,1,4,3,4,2.0,0,1.3333333333333333,1.0,1,0,0
341,2,0,1,1,1,4,4,4,1,1,1,1,0,4,2,0,2.0,0,1.0,0.6666666666666666,1,1,0
342,1,0,1,1,1,3,4,3,1,1,1,1,1,4,5,11,2.0,0,1.0,0.6666666666666666,0,1,0
343,2,0,0,1,0,2,2,0,1,1,1,1,1,3,4,0,1.5,0,0.3333333333333333,0.6666666666666666,1,1,0
344,2,0,0,1,1,2,3,0,0,1,1,1,0,4,3,4,1.5,0,1.0,1.0,0,1,0
345,1,0,0,1,1,3,2,2,2,1,1,1,1,5,1,7,2.5,0,0.75,0.75,0,1,0
346,1,0,1,0,1,4,3,4,0,1,1,1,1,5,4,9,1.5,0,0.6666666666666666,1.0,0,1,0
347,2,0,1,1,1,4,3,4,0,1,1,1,1,5,5,0,2.5,0,1.25,0.75,0,1,0
348,1,0,0,1,1,4,3,1,3,1,1,1,1,4,4,0,2.0,0,0.75,0.75,0,1,0
349,2,1,1,0,1,3,2,2,0,2,1,1,0,2,5,10,5.0,0,1.0,0.2,1,1,0
350,2,1,1,0,1,1,1,2,1,3,1,1,0,5,2,8,3.0,0,1.0,0.5,1,0,0
351,2,1,1,1,1,3,3,1,0,2,1,1,0,4,3,2,2.5,0,0.8,0.4,0,1,0
352,2,1,1,1,1,1,3,0,0,1,0,1,1,4,3,7,2.5,0,1.0,0.3333333333333333,1,1,0
353,2,1,1,0,1,1,1,2,1,3,1,1,0,4,5,4,3.0,0,1.0,0.25,1,0,0
354,2,1,1,0,1,4,3,3,1,2,1,1,1,4,2,4,2.0,0,1.0,0.4,0,1,0
355,2,1,0,1,1,3,3,3,0,1,1,0,1,5,5,0,1.0,0,1.3333333333333333,0.6666666666666666,0,1,0
356,2,1,0,0,1,4,4,4,2,2,1,1,0,4,5,4,1.5,0,1.0,0.6666666666666666,0,1,0
357,2,1,0,1,0,3,2,3,3,2,1,0,1,1,5,2,1.5,0,1.5,1.0,0,1,0
358,2,1,1,1,1,1,1,2,1,2,1,1,1,3,3,4,1.5,0,0.6666666666666666,0.3333333333333333,0,1,0
359,1,1,0,1,1,1,1,0,0,2,1,1,0,5,4,0,1.0,0,0.6666666666666666,1.0,0,1,0
360,2,1,0,0,0,1,4,0,0,3,1,0,1,4,5,0,2.5,0,1.3333333333333333,0.6666666666666666,0,1,0
361,2,1,1,0,1,1,1,0,2,2,0,0,0,4,5,2,2.5,0,0.75,0.5,1,1,0
362,2,1,0,1,1,3,3,3,2,2,1,1,1,4,3,0,2.0,0,0.6666666666666666,0.6666666666666666,0,1,0
363,1,1,0,1,1,4,4,0,0,1,1,1,1,2,1,0,1.0,0,1.3333333333333333,0.6666666666666666,0,1,0
364,2,1,0,0,1,1,2,2,0,2,1,0,0,3,3,0,1.5,0,1.0,1.0,0,1,0
365,2,1,1,0,1,1,3,0,0,2,1,0,0,3,3,4,3.0,0,1.3333333333333333,0.6666666666666666,0,1,0
366,2,1,1,1,1,4,4,4,2,2,1,1,1,4,5,0,2.0,0,1.0,1.5,0,1,0
367,2,1,0,0,1,1,1,2,3,3,1,1,1,5,1,0,1.5,0,0.5,0.5,1,1,0
368,2,1,0,1,1,2,3,0,0,2,1,1,1,5,4,0,1.5,0,1.5,0.5,0,1,0
369,2,1,0,0,1,4,4,2,2,3,1,1,1,3,5,10,3.0,0,1.0,1.0,0,1,1
370,2,1,0,1,1,3,2,3,1,2,1,0,1,3,3,4,1.0,0,1.0,1.0,1,0,0
371,2,1,1,0,1,1,2,0,2,3,0,1,1,4,3,3,2.5,0,1.0,0.3333333333333333,0,1,0
372,2,1,0,1,1,2,2,2,1,1,1,0,1,3,3,8,1.0,0,0.75,0.75,0,1,0
373,2,1,0,0,1,1,2,2,0,1,1,1,0,3,1,14,2.0,0,1.0,0.2,0,1,0
374,0,1,0,0,1,4,4,2,3,2,1,1,0,5,1,0,1.0,0,1.0,0.75,0,1,0
375,2,1,0,0,1,1,1,2,1,4,1,1,0,4,4,2,1.5,0,0.6666666666666666,1.0,0,1,0
376,1,1,0,1,1,4,2,1,0,2,1,1,1,5,3,4,1.0,0,0.75,0.75,1,0,0
377,2,1,0,0,1,4,4,4,0,1,1,1,0,5,2,4,3.5,0,0.75,0.5,0,1,0
378,1,1,0,1,1,3,3,2,1,1,1,1,1,4,1,0,1.5,0,3.0,2.0,0,1,0
379,2,1,0,0,1,3,1,0,3,1,1,1,0,4,1,17,2.5,0,0.8,0.4,0,1,0
380,1,1,1,1,1,4,4,4,1,1,1,1,0,3,2,4,2.5,0,2.0,1.0,0,1,1
381,2,1,1,0,1,2,1,2,2,2,1,1,1,4,5,5,2.0,0,0.75,0.25,0,1,0
382,2,1,1,1,1,2,3,2,1,2,1,1,0,4,3,2,1.0,0,0.75,0.5,0,1,0
383,2,1,1,0,1,1,1,2,2,2,1,0,0,4,5,0,2.0,0,0.6666666666666666,0.3333333333333333,1,1,0
384,2,1,1,0,1,4,2,2,1,2,1,0,0,5,3,14,3.5,0,0.75,0.25,1,1,0
385,2,1,0,0,1,2,2,0,2,2,1,0,0,5,4,2,2.0,0,1.0,1.0,0,1,0
386,2,1,0,0,1,4,4,4,3,3,1,1,1,4,5,7,2.0,0,0.75,0.25,0,1,0
387,2,1,0,0,1,2,3,3,0,1,1,1,0,5,5,0,1.5,0,0.5,0.75,1,1,0
388,2,1,0,1,1,3,1,4,0,1,1,1,0,4,1,0,1.0,0,1.3333333333333333,0.6666666666666666,0,1,0
389,2,1,0,1,1,1,1,2,0,2,1,0,0,1,5,0,1.0,0,1.0,2.0,1,1,0
390,2,1,1,1,0,2,2,3,0,1,1,0,0,5,4,11,4.5,0,0.8,0.4,1,0,0
391,1,1,1,1,1,3,1,3,0,2,1,1,0,2,2,3,3.5,0,1.25,0.25,0,1,0
392,2,1,1,0,1,1,1,2,0,1,1,0,0,5,3,3,3.0,0,0.6,0.2,1,0,0
393,2,1,1,0,1,3,2,3,0,3,1,1,0,4,5,0,3.5,0,0.25,0.25,0,1,0
394,2,1,1,1,1,1,1,2,0,1,1,1,0,3,5,5,3.0,0,1.5,0.5,0,1,0
